CREATE DATABASE  IF NOT EXISTS `movies_app` /*!40100 DEFAULT CHARACTER SET utf8mb4 COLLATE utf8mb4_0900_ai_ci */ /*!80016 DEFAULT ENCRYPTION='N' */;
USE `movies_app`;
-- MySQL dump 10.13  Distrib 8.0.40, for Win64 (x86_64)
--
-- Host: localhost    Database: movies_app
-- ------------------------------------------------------
-- Server version	8.0.40

/*!40101 SET @OLD_CHARACTER_SET_CLIENT=@@CHARACTER_SET_CLIENT */;
/*!40101 SET @OLD_CHARACTER_SET_RESULTS=@@CHARACTER_SET_RESULTS */;
/*!40101 SET @OLD_COLLATION_CONNECTION=@@COLLATION_CONNECTION */;
/*!50503 SET NAMES utf8 */;
/*!40103 SET @OLD_TIME_ZONE=@@TIME_ZONE */;
/*!40103 SET TIME_ZONE='+00:00' */;
/*!40014 SET @OLD_UNIQUE_CHECKS=@@UNIQUE_CHECKS, UNIQUE_CHECKS=0 */;
/*!40014 SET @OLD_FOREIGN_KEY_CHECKS=@@FOREIGN_KEY_CHECKS, FOREIGN_KEY_CHECKS=0 */;
/*!40101 SET @OLD_SQL_MODE=@@SQL_MODE, SQL_MODE='NO_AUTO_VALUE_ON_ZERO' */;
/*!40111 SET @OLD_SQL_NOTES=@@SQL_NOTES, SQL_NOTES=0 */;

--
-- Table structure for table `movie`
--

DROP TABLE IF EXISTS `movie`;
/*!40101 SET @saved_cs_client     = @@character_set_client */;
/*!50503 SET character_set_client = utf8mb4 */;
CREATE TABLE `movie` (
  `movieId` int NOT NULL AUTO_INCREMENT,
  `title` varchar(255) DEFAULT NULL,
  `releaseDate` date DEFAULT NULL,
  `trailerLink` varchar(255) DEFAULT NULL,
  `posterLink` varchar(255) DEFAULT NULL,
  `director` varchar(255) DEFAULT NULL,
  `actors` varchar(255) DEFAULT NULL,
  `description` varchar(255) DEFAULT NULL,
  `genres` varchar(255) DEFAULT NULL,
  `type` varchar(255) DEFAULT NULL,
  `views` int DEFAULT '0',
  PRIMARY KEY (`movieId`)
) ENGINE=InnoDB AUTO_INCREMENT=71 DEFAULT CHARSET=utf8mb4 COLLATE=utf8mb4_0900_ai_ci;
/*!40101 SET character_set_client = @saved_cs_client */;

--
-- Dumping data for table `movie`
--

LOCK TABLES `movie` WRITE;
/*!40000 ALTER TABLE `movie` DISABLE KEYS */;
INSERT INTO `movie` VALUES (1,'Inception','2010-07-16','https://youtube.com/embed/YoHD9XEInc0','https://m.media-amazon.com/images/M/MV5BMjAxMzY3NjcxNF5BMl5BanBnXkFtZTcwNTI5OTM0Mw@@._V1_.jpg','Christopher Nolan','Leonardo DiCaprio, Joseph Gordon-Levitt','A thief who steals corporate secrets through dream-sharing technology is tasked with planting an idea into the mind of a CEO.','Sci-Fi','Film',25),(2,'Titanic','1997-12-19','https://youtube.com/embed/kVrqfYjkTdQ','https://m.media-amazon.com/images/M/MV5BYzYyN2FiZmUtYWYzMy00MzViLWJkZTMtOGY1ZjgzNWMwN2YxXkEyXkFqcGc@._V1_.jpg','James Cameron','Leonardo DiCaprio, Kate Winslet','A seventeen-year-old aristocrat falls in love with a kind but poor artist aboard the luxurious, ill-fated R.M.S. Titanic. ','Horror','Film',86),(3,'Gladiator II','2024-10-30','https://youtube.com/embed/TQwSz88ITAE','https://starlight.vn/Areas/Admin/Content/Fileuploads/images/Poster2024/VO-SI-GIAC-DAU-2.jpg','Ridley Scott','Connie Nielsen, Paul Mescal, Denzel Washingto','Lucius, forced into the Colosseum, looks to his past to find strength and restore Rome\'s glory.','Drama','Film',12),(4,'Wicked: Part I','2024-11-03','https://youtube.com/embed/6COmYeLsz4c','https://khenphim.com/wp-content/uploads/2024/11/Wicked-Part-I-pic1-poster_KP.webp','Jon M. Chu','Cynthia Erivo, Ariana Grande, Jeff Goldblum','Wicked reimagines The Wizard of Oz by telling the untold story of Elphaba, the misunderstood green-skinned girl who becomes the Wicked Witch of the West.','Fantasy','Film',2),(5,'Venom: The Last Dance','2024-10-21','https://youtube.com/embed/__2bjWbetsA','https://m.media-amazon.com/images/M/MV5BZDMyYWU4NzItZDY0MC00ODE2LTkyYTMtMzNkNDdmYmFhZDg0XkEyXkFqcGc@._V1_.jpg','Kelly Marcel','Tom Hardy, Chiwetel Ejiofor, Juno Temple','Eddie and Venom face pursuit from both worlds and must make a heart-wrenching decision that marks the end of their partnership.','Action','Film',NULL),(6,'The Wild Robot','2024-09-08','https://youtube.com/embed/zrAKxSoSG0s','https://m.media-amazon.com/images/M/MV5BZjM2M2E3YzAtZDJjYy00MDhkLThiYmItOGZhNzQ3NTgyZmI0XkEyXkFqcGc@._V1_FMjpg_UX1000_.jpg','Chris Sanders','Lupita Nyong\'o, Pedro Pascal, Kit Connor','After a shipwreck, an intelligent robot called Roz bonds with the island\'s animals to survive.','Sci-Fi','Film',NULL),(8,'Interstellar','2014-10-26','https://www.youtube.com/embed/zSWdZVtXT7E','https://m.media-amazon.com/images/M/MV5BYzdjMDAxZGItMjI2My00ODA1LTlkNzItOWFjMDU5ZDJlYWY3XkEyXkFqcGc@._V1_FMjpg_UX1000_.jpg','Christopher Nolan','Matthew McConaughey, Anne Hathaway, Jessica C','A farmer and ex-NASA pilot joins a space mission to find a new home for humanity.','Drama','Film',1),(9,'Alien: Romulus','2024-08-12','https://www.youtube.com/embed/OzY2r2JXsDM','https://m.media-amazon.com/images/M/MV5BMDU0NjcwOGQtNjNjOS00NzQ3LWIwM2YtYWVmODZjMzQzN2ExXkEyXkFqcGc@._V1_FMjpg_UX1000_.jpg','Fede Alvarez','Cailee Spaeny, David Jonsson, Archie Renaux','While scavenging the deep ends of a derelict space station, a group of young space colonists come face to face with the most terrifying life form in the universe.','Horror','Film',3),(11,'Anora','2024-05-21','https://www.youtube.com/embed/p1HxTmV5i7c','https://m.media-amazon.com/images/M/MV5BYThiN2M0NTItODRmNC00NDhlLWFiYTgtMWM2YTEyYzI3ZTY1XkEyXkFqcGc@._V1_.jpg','Sean Baker','Mikey Madison, Paul Weissman, Lindsey Norming','Anora, a young sex worker from Brooklyn, meets and impulsively marries the son of an oligarch. Once the news reaches Russia, her fairytale is threatened as his parents set out for New York to get the marriage annulled.','War','Film',12),(12,'The Batman','2022-03-01','https://www.youtube.com/embed/mqqft2x_Aa4','https://m.media-amazon.com/images/M/MV5BMmU5NGJlMzAtMGNmOC00YjJjLTgyMzUtNjAyYmE4Njg5YWMyXkEyXkFqcGc@._V1_FMjpg_UX1000_.jpg','Matt Reeves','Robert Pattinson, Zoë Kravitz, Jeffrey Wright','When a sadistic serial killer begins murdering key political figures in Gotham, the Batman is forced to investigate the city\'s hidden corruption and question his family\'s involvement.','Action','Film',1),(13,'Conclave','2022-08-30','https://www.youtube.com/embed/t915aZmyEBg','https://m.media-amazon.com/images/M/MV5BYjgxMDI5NmMtNTU3OS00ZDQxLTgxZmEtNzY1ZTBmMDY4NDRkXkEyXkFqcGc@._V1_FMjpg_UX1000_.jpg','Edward Berger','Ralph Fiennes, Stanley Tucci, John Lithgow','When Cardinal Lawrence is tasked with leading one of the world\'s most secretive and ancient events, selecting a new Pope, he finds himself at the center of a conspiracy that could shake the very foundation of the Catholic Church.','Drama','Film',2),(14,'Gladiator','2000-05-01','https://www.youtube.com/embed/P5ieIbInFpg','https://m.media-amazon.com/images/M/MV5BYWQ4YmNjYjEtOWE1Zi00Y2U4LWI4NTAtMTU0MjkxNWQ1ZmJiXkEyXkFqcGc@._V1_.jpg','Ridley Scott','Connie Nielsen, Russell Crowe, Joaquin Phoeni','A former Roman General sets out to exact vengeance against the corrupt emperor who murdered his family and sent him into slavery.','Drama','Film',3),(15,'Emilia Pérez','2024-05-18','https://www.youtube.com/embed/Qlbr7gJgBus','https://upload.wikimedia.org/wikipedia/en/2/29/Emilia_P%C3%A9rez_film_poster.png','Jacques Audiard','Zoe Saldana, Karla Sofía Gascón, Selena Gomez','Emilia Pérez follows four remarkable women in Mexico, each pursuing their own happiness. Cartel leader Emilia enlists Rita, an unappreciated lawyer, to help fake her death so that she can finally live authentically as her true self.','Comedy','Film',5),(16,'House M.D.','2004-11-16','https://www.youtube.com/embed/GSgua-jsn-Q','https://m.media-amazon.com/images/M/MV5BMjgxYjAwNmMtYTAwZC00YmQxLWJlOTMtMWM0NGJmNDE0YmI2XkEyXkFqcGc@._V1_FMjpg_UX1000_.jpg','David Shore','Hugh Laurie, Omar Epps, Robert Sean Leonard','Using a crack team of doctors and his wits, an antisocial maverick doctor specializing in diagnostic medicine does whatever it takes to solve puzzling cases that come his way.','Drama','Series',1),(17,'The Walking Dead','2024-05-18','https://www.youtube.com/embed/sfAc2U20uyg','https://m.media-amazon.com/images/M/MV5BYWQwMGRhNGEtZTNhMy00MzVjLWJhMjItYjcwMDljMTkyNTg2XkEyXkFqcGc@._V1_FMjpg_UX1000_.jpg','Frank Darabont','Andrew Lincoln, Norman Reedus, Melissa McBrid','Sheriff Deputy Rick Grimes wakes up from a coma to learn the world is in ruins and must lead a group of survivors to stay alive.','Horror','Series',4),(18,'The Boys','2019-07-26','https://www.youtube.com/embed/5SKP1_F7ReE','https://m.media-amazon.com/images/M/MV5BMWJlN2U5MzItNjU4My00NTM2LWFjOWUtOWFiNjg3ZTMxZDY1XkEyXkFqcGc@._V1_FMjpg_UX1000_.jpg','Eric Kripke','Karl Urban, Jack Quaid, Antony Starr','A group of vigilantes set out to take down corrupt superheroes who abuse their superpowers.','Action','Series',NULL),(19,'Wednesday','2022-11-16','https://www.youtube.com/embed/Di310WS8zLk','https://m.media-amazon.com/images/M/MV5BY2E1NDI5OWEtODJmYi00Nzg2LWI4MjUtODFiMTU2YWViOTU3XkEyXkFqcGc@._V1_FMjpg_UX1000_.jpg','Alfred Gough, Miles Millar','Jenna Ortega, Hunter Doohan, Emma Myers','Follows Wednesday Addams\' years as a student, when she attempts to master her emerging psychic ability, thwart a killing spree, and solve the mystery that embroiled her parents.','Comedy','Series',NULL),(20,'Young Sheldon','2017-09-25','https://www.youtube.com/embed/FStMMcj-RiA','https://m.media-amazon.com/images/M/MV5BODU3M2FmMDctNGViYi00OGUxLThkZDAtZmRkZDBhNWJhNDIzXkEyXkFqcGc@._V1_FMjpg_UX1000_.jpg','Chuck Lorre, Steven Molaro','Iain Armitage, Zoe Perry, Lance Barber','Meet a child genius named Sheldon Cooper (already seen as an adult in The Big Bang Theory (2007)) and his family. Some unique challenges face Sheldon, who is socially impaired.','Sitcom','Series',NULL),(21,'The Lord of the Rings: The Rings of Power','2022-09-01','https://www.youtube.com/embed/x8UAUAuKNcU','https://m.media-amazon.com/images/M/MV5BNmVmZGQ2ZTctYzE4NC00YzkxLThhNjYtNGIyZjJmZGEwMjUzXkEyXkFqcGc@._V1_.jpg','Patrick McKay, John D. Payne','Morfydd Clark, Charlie Vickers, Charles Edwar','Epic drama set thousands of years before the events of J.R.R. Tolkien\'s \'The Hobbit\' and \'The Lord of the Rings\' follows an ensemble cast of characters, both familiar and new, as they confront the long-feared re-emergence of evil to Middle-earth.','Drama','Series',NULL),(23,'American Horror Story','2011-10-05','https://www.youtube.com/embed/nLJR2twdK00','https://m.media-amazon.com/images/M/MV5BNzJjZTg0ZmMtMTg0Ny00NzYxLWFjMWMtMWFiYmNkMTNjZGMyXkEyXkFqcGc@._V1_FMjpg_UX1000_.jpg','Brad Falchuk, Ryan Murphy','Lady Gaga, Kathy Bates, Angela Bassett','An anthology series centering on different characters and locations, showcasing different aspects of horror.','Horror','Series',NULL),(24,'Game of Thrones','2011-04-17','https://www.youtube.com/embed/KPLWWIOCOOQ','https://m.media-amazon.com/images/M/MV5BMTNhMDJmNmYtNDQ5OS00ODdlLWE0ZDAtZTgyYTIwNDY3OTU3XkEyXkFqcGc@._V1_FMjpg_UX1000_.jpg','David Benioff, D.B. Weiss','Emilia Clarke, Peter Dinklage, Kit Harington','Nine noble families fight for control over the lands of Westeros, while an ancient enemy returns after being dormant for millennia.','Drama','Series',1),(25,'Agatha All Along','2024-09-18','https://www.youtube.com/embed/R9pXbNz6Vbw','https://m.media-amazon.com/images/M/MV5BMDcyZTNjOTEtNzc5Yy00Y2UzLThkMWYtNTY4YmM4OWI5OTMzXkEyXkFqcGc@._V1_.jpg','Jac Schaeffer','Kathryn Hahn, Joe Locke, Sasheer Zamata','A spell-bound Agatha Harkness regains freedom thanks to a teen\'s help. Intrigued by his plea, she embarks on the Witches\' Road trials to reclaim her powers and discover the teen\'s motivations.','Action','Series',1),(26,'Only Murders in the Building','2021-08-31','https://www.youtube.com/embed/uTtaNEy3PDw','https://m.media-amazon.com/images/M/MV5BZjNlZjRhMmMtMzUyYy00NmQxLThlZmQtZDAyMzBlMTAzMTcxXkEyXkFqcGc@._V1_FMjpg_UX1000_.jpg','John Hoffman, Steve Martin','Steve Martin, Martin Short, Selena Gomez','Three strangers - who live in the same New York City apartment building and share an obsession with true crime - suddenly find themselves embroiled in a murder.','Comedy','Series',NULL),(27,'Bad Sisters','2022-08-19','https://www.youtube.com/embed/IZUrhfCl0Xc','https://m.media-amazon.com/images/M/MV5BM2RmY2FkZTYtMTZlNS00NWZjLTk5ZWYtNzI5MjgzNjZkODg5XkEyXkFqcGc@._V1_.jpg','Brett Baer, Dave Finkel','Sharon Horgan, Sarah Greene, Eve Hewson','The Garvey sisters are bound together by their parents\' deaths and a promise to always protect one another.','Thriller','Series',NULL),(28,'Shrinking','2023-01-27','https://www.youtube.com/embed/YjHfjQDWl1A','https://m.media-amazon.com/images/M/MV5BYmU3Yjg0Y2UtN2E5Yy00NzYyLThlNzQtOTI2YWE2OWJhYTUyXkEyXkFqcGc@._V1_.jpg','Brett Goldstein, Bill Lawrence','Jason Segel, Jessica Williams, Harrison Ford','A grieving therapist starts to tell his clients exactly what he thinks. Ignoring his training and ethics, he finds himself making huge changes to people\'s lives - including his own.','Comedy','Series',NULL),(29,'The Day of the Jackal','2024-11-14','https://www.youtube.com/embed/shsIx-ZVL0E','https://m.media-amazon.com/images/M/MV5BYmI3NDY1MGYtNTJmNy00NjA3LTk1OWUtM2IyN2M3MjFiMTZkXkEyXkFqcGc@._V1_.jpg','Jacques Audiard','Eddie Redmayne, Lashana Lynch','The Jackal is an elusive assassin who makes his living carrying out hits for the highest fee. He soon meets his match in a tenacious British intelligence officer who tracks him down in a thrilling cat-and-mouse chase across Europe.','Crime','Series',NULL),(30,'Stranger Things','2016-07-15','https://www.youtube.com/embed/b9EkMc79ZSU','https://m.media-amazon.com/images/M/MV5BMjE2N2MyMzEtNmU5NS00OTI0LTlkNTMtMWM1YWYyNmU4NmY0XkEyXkFqcGc@._V1_FMjpg_UX1000_.jpg','Matt Duffer, Ross Duffer','Millie Bobby Brown, Finn Wolfhard, Winona Ryd','In 1980s Indiana, a group of young friends witness supernatural forces and secret government exploits. As they search for answers, the children unravel a series of extraordinary mysteries.','Drama','Series',NULL),(31,'IF','2024-05-17','https://www.youtube.com/embed/mb2187ZQtBE','https://m.media-amazon.com/images/M/MV5BNzA2MzQ5YjctMmJiMS00Yjc5LWJlNjctMDRiZWNiNmIxMDMxXkEyXkFqcGc@._V1_.jpg','John Krasinski','Cailey Fleming, Ryan Reynolds, John Krasinski','A young girl who goes through a difficult experience begins to see everyone\'s imaginary friends who have been left behind as their real-life friends have grown up.','Animation','Film',NULL),(32,'Here','2024-11-01','https://www.youtube.com/embed/I_id-SkGU2k','https://m.media-amazon.com/images/M/MV5BYWQ5ZDQ5YWQtMThiMS00MGM4LTk2NjktYTllYzg2NTRiNTMxXkEyXkFqcGc@._V1_FMjpg_UX1000_.jpg','Robert Zemeckis','Tom Hanks, Robin Wright, Paul Bettany','A generational story about families and the special place they inhabit, sharing in love, loss, laughter, and life.','Coming-of-Age','Film',NULL),(33,'The Amateur','2025-04-11','https://www.youtube.com/embed/DCWcK4c-F8Q','https://m.media-amazon.com/images/M/MV5BOWU4NjNjNzYtYWFhYy00MTA2LWIwNzctNmQwY2VlMzQ3MTZmXkEyXkFqcGc@._V1_.jpg','James Hawes','Caitriona Balfe, Rami Malek, Rachel Brosnahan','A CIA cryptographer manages to blackmail his agency into training him to let him go after a group of terrorist who killed his wife.','Action','Film',NULL),(34,'Terrifier 3','2024-10-11','https://www.youtube.com/embed/zaPcin5knJk','https://m.media-amazon.com/images/M/MV5BMDcyZTNjOTEtNzc5Yy00Y2UzLThkMWYtNTY4YmM4OWI5OTMzXkEyXkFqcGc@._V1_.jpg','Damien Leone','Lauren LaVera, David Howard Thornton, Antonel','Art the Clown is set to unleash chaos on the unsuspecting residents of Miles County as they peacefully drift off to sleep on Christmas Eve.','Holiday','Film',NULL),(35,'Captain America: Brave New World','2025-02-14','https://www.youtube.com/embed/1pHDWnXmK7Y','https://m.media-amazon.com/images/M/MV5BNjI4MDRiNmItZmI2OC00MWY0LTk4NjQtODIxNzQzOGU3NTE0XkEyXkFqcGc@._V1_QL75_UY281_CR18,0,190,281_.jpg','Julius Onah','Rosa Salazar, Harrison Ford, Liv Tyler','Sam Wilson, who\'s officially taken up the mantle of Captain America, finds himself in the middle of an international incident.','Sci-Fi','Film',NULL),(36,'Lee','2024-09-13','https://www.youtube.com/embed/DmFYkiUAAA8','https://m.media-amazon.com/images/M/MV5BMDlhMDY0NTAtOTQwZi00ZjIxLTk2ZmYtZjU1Y2FiYWRhZDk3XkEyXkFqcGc@._V1_.jpg','Ellen Kuras','Kate Winslet, Andy Samberg, Alexander Skarsga','The story of American photographer Lee Miller, a fashion model who became an acclaimed war correspondent for Vogue magazine during World War II.','War','Film',1),(37,'Kraven the Hunter','2024-12-12','https://www.youtube.com/embed/I8gFw4-2RBM','https://m.media-amazon.com/images/M/MV5BZDRiYjE4NjYtYWE4Yy00YjZiLTlkYjMtYWI0MGVkYzliMjA2XkEyXkFqcGc@._V1_.jpg','J.C. Chandor','Fred Hechinger, Russell Crowe, Aaron Taylor-J','Kraven\'s complex relationship with his ruthless father, Nikolai Kravinoff, starts him down a path of vengeance with brutal consequences, motivating him to become not only the greatest hunter in the world, but also one of its most feared.','Thriller','Film',NULL),(38,'Alita: Battle Angel','2019-02-14','https://www.youtube.com/embed/w7pYhpJaJW8','https://m.media-amazon.com/images/M/MV5BYmZhZGQzM2MtMWEyZC00YTU1LTk4YTQtMTg3ZjEzM2U1NTkxXkEyXkFqcGc@._V1_FMjpg_UX1000_.jpg','Robert Rodriguez','Rosa Salazar, Christoph Waltz, Jennifer Conne','A deactivated cyborg\'s revived, but can\'t remember anything of her past and goes on a quest to find out who she is.','Adventure','Film',NULL),(39,'The Dark Knight','2008-07-18','https://www.youtube.com/embed/EXeTwQWrcwY','https://m.media-amazon.com/images/M/MV5BMTMxNTMwODM0NF5BMl5BanBnXkFtZTcwODAyMTk2Mw@@._V1_FMjpg_UX1000_.jpg','Christopher Nolan','Christian Bale, Heath Ledger, Aaron Eckhart','When a menace known as the Joker wreaks havoc and chaos on the people of Gotham, Batman, James Gordon and Harvey Dent must work together to put an end to the madness.','Drama','Film',1),(40,'Furiosa: A Mad Max Saga','2024-05-24','https://www.youtube.com/embed/XJMuhwVlca4','https://m.media-amazon.com/images/M/MV5BNTcwYWE1NTYtOWNiYy00NzY3LWIwY2MtNjJmZDkxNDNmOWE1XkEyXkFqcGc@._V1_FMjpg_UX1000_.jpg','Geoge Miller','Anya Taylor-Joy, Chris Hemsworth, Tom Burke','The origin story of renegade warrior Furiosa before her encounter and teamup with Mad Max.','Sci-Fi','Film',1),(41,'Wolfs','2024-09-27','https://www.youtube.com/embed/wLJUPjiRbAM','https://upload.wikimedia.org/wikipedia/en/4/48/Wolfs_%28film%29.jpg','Jon Watts','George Clooney, Brad Pitt, Amy Ryan','Two rival fixers cross paths when they\'re both called in to help cover up a prominent New York official\'s misstep. Over one explosive night, they\'ll have to set aside their petty grievances and their egos to finish the job.','Thriller','Film',NULL),(42,'Love Actually','2024-11-14','https://www.youtube.com/embed/r3mJrSA1x5s','https://m.media-amazon.com/images/M/MV5BYWRlZjcwYTgtYWJkOS00MGYwLTk3Y2ItNmU4NTg5Nzg2YTQ2XkEyXkFqcGc@._V1_FMjpg_UX1000_.jpg','Richard Curtis','Hugh Grant, Martine McCutcheon, Liam Neeson','Follows the lives of eight very different couples in dealing with their love lives in various loosely interrelated tales all set during a frantic month before Christmas in London, England.','Romance','Film',NULL),(44,'Don’t Move','2024-10-25','https://www.youtube.com/embed/YjTZMEbpKsc','https://m.media-amazon.com/images/M/MV5BZmFlMTMyMzQtNmI4NC00YTcyLTgwOGUtMzc4YjcyNDUyOGY3XkEyXkFqcGc@._V1_FMjpg_UX1000_.jpg','Brian Netto, Adam Schindler','Kelsey Asbille, Finn Wittrock, Moray Treadwel','A seasoned killer injects a grieving woman with a paralytic agent. She must run, fight and hide before her body shuts down.','Survival','Film',3),(46,'Cross','2024-11-14','https://www.youtube.com/embed/GOupIB773tI','https://m.media-amazon.com/images/M/MV5BMTE0ZGVjMjUtMDI1ZC00MTZiLWI1OWMtMTI3ZGI4ODU4OTU4XkEyXkFqcGc@._V1_.jpg','Ben Watkins','Aldis Hodge, Isaiah Mustafa, Juanita Jennings','Series adaptation of James Patterson novels about the complicated and brilliant detective, Alex Cross.','Mystery','Series',NULL),(47,'YellowStone','2018-06-20','https://www.youtube.com/embed/NntMQCvFPok','https://m.media-amazon.com/images/M/MV5BYzE2ODQ0NmQtYmMxMS00MGRlLTgwOGEtYjRkN2FkYmZlN2JlXkEyXkFqcGc@._V1_.jpg','Taylor Sheridan, John Linson','Kevin Costner, Luke Grimes, Kelly Reilly','A ranching family in Montana faces off against others encroaching on their land.','Epic','Series',NULL),(48,'Landman','2024-11-17','https://www.youtube.com/embed/7zxh49-bsIk','https://m.media-amazon.com/images/M/MV5BNTRkY2ZkNzUtMzBlNC00NTc0LWE0ZDQtMWZiNGU5OWEyZGU4XkEyXkFqcGc@._V1_.jpg','Taylor Sheridan, Christian Wallace','Billy Bob Thornton, Ali Larter, Jacob Lofland','A modern-day tale of fortune seeking in the world of West Texas oil rigs.','Drama','Series',NULL),(49,'From','2022-02-20','https://www.youtube.com/embed/pDHqAj4eJcM','https://m.media-amazon.com/images/M/MV5BYzM5ZWMxOGEtZjEyMC00YjQ0LThiYjEtZjVkZGEzN2NlOGEwXkEyXkFqcGc@._V1_.jpg','John Griffin','Harold Perrineau, Catalina Sandino Moreno, Ei','Unravel the mystery of a city in middle U.S.A. that imprisons everyone who enters. As the residents struggle to maintain a sense of normality and seek a way out, they must also survive the threats of the surrounding forest.','Drama','Series',NULL),(50,'Breaking Bad','2008-01-20','https://www.youtube.com/embed/HhesaQXLuRY','https://m.media-amazon.com/images/M/MV5BMzU5ZGYzNmQtMTdhYy00OGRiLTg0NmQtYjVjNzliZTg1ZGE4XkEyXkFqcGc@._V1_FMjpg_UX1000_.jpg','Vince Gilligan','Bryan Cranston, Aaron Paul, Anna Gunn','A chemistry teacher diagnosed with inoperable lung cancer turns to manufacturing and selling methamphetamine with a former student to secure his family\'s future.','Thriller','Series',NULL),(51,'Outer Banks','2020-04-15','https://www.youtube.com/embed/Abje_mBb7Pc','https://m.media-amazon.com/images/M/MV5BY2FmYmJiYTQtYmJhZC00ZTIxLTk3OTAtNzc3NDk0NGMxYTdmXkEyXkFqcGc@._V1_.jpg','Jonas Pate, Shannon Burke','Chase Stokes, Madelyn Cline, Madison Bailey','On an island of haves and have-nots, teen John B enlists his three best friends to hunt for a legendary treasure linked to his father\'s disappearance.','Romance','Series',NULL),(52,'Outlander','2024-08-09','https://www.youtube.com/embed/w0yIwRv4kIk','https://m.media-amazon.com/images/M/MV5BYTRiOWJlMmQtNjdkNS00MzUzLTgyZjYtNGVkZjFhOTcxZmQ5XkEyXkFqcGc@._V1_FMjpg_UX1000_.jpg','Ronald D. Moore','Caitriona Balfe, Sam Heughan, Sophie Skelton','Claire Beauchamp Randall, a nurse in World War II, mysteriously goes back in time to Scotland in 1743. There, she meets a dashing Highland warrior and gets drawn into an epic rebellion.','Fantasy','Series',NULL),(53,'Supernatural','2005-09-13','https://www.youtube.com/embed/t-775JyzDTk','https://m.media-amazon.com/images/M/MV5BMDFmMGZmMGItNGRjNC00NjVjLWI5ODEtNzhjMTE5MmJhN2FkXkEyXkFqcGc@._V1_FMjpg_UX1000_.jpg','Eric Kripke','Jared Padalecki, Jensen Ackles, Jim Beaver','Two brothers follow their father\'s footsteps as hunters, fighting evil supernatural beings of many kinds, including monsters, demons, and gods that roam the earth.','Thriller','Series',NULL),(54,'Monsters','2022-09-21','https://www.youtube.com/embed/fKfxZrPm3EI','https://m.media-amazon.com/images/M/MV5BNDAzYzEzZDMtOWE3Ny00MTU3LWIwY2MtMDYzZmYzYTZkYjJkXkEyXkFqcGc@._V1_.jpg','Ian Brennan, Ryan Murphy','Evan Peters, Richard Jenkins, Cooper Kock','An anthology series about high-profile crimes or killers that captured public attention and notoriety.','Crime','Series',NULL),(55,'House of the Dragon','2022-08-21','https://www.youtube.com/embed/YN2H_sKcmGw','https://m.media-amazon.com/images/M/MV5BM2QzMGVkNjUtN2Y4Yi00ODMwLTg3YzktYzUxYjJlNjFjNDY1XkEyXkFqcGc@._V1_FMjpg_UX1000_.jpg','Ryan J. Condal, George R.R. Martin','Matt Smith, Emma D’Arcy, Olivia Cooke','An internal succession war within House Targaryen at the height of its power, 172 years before the birth of Daenerys Targaryen.','Adventure','Series',NULL),(56,'The Bear','2022-06-23','https://www.youtube.com/embed/f_bhYFCtavY','https://m.media-amazon.com/images/M/MV5BZjE0MjBkNWMtOGUzZS00MzMyLTgwYjgtNTBkZWQ5YWRlMmM1XkEyXkFqcGc@._V1_FMjpg_UX1000_.jpg','Christopher Storer','Jeremy Allen White, Ayo Edebiri, Liza Colon-Z','A young chef from the fine dining world returns to Chicago to run his family\'s sandwich shop.','Comedy','Series',NULL),(57,'Black Mirror','2011-12-04','https://www.youtube.com/embed/Efwr_5s8ofk','https://m.media-amazon.com/images/M/MV5BMWY3ZjgwMTctZTZmMS00ZTMwLTkwYWEtNTVkMDgwNjA5ODBiXkEyXkFqcGc@._V1_FMjpg_UX1000_.jpg','Charlie Brooker','Wunmi Mosaku, Monica Dolan, Daniel Lapaine','Featuring stand-alone dramas -- sharp, suspenseful, satirical tales that explore techno-paranoia -- \"Black Mirror\" is a contemporary reworking of \"The Twilight Zone\" with stories that tap into the collective unease about the modern world.','Thriller','Series',1),(58,'Modern Family','2009-09-23','https://www.youtube.com/embed/UNdGjszOUNQ','https://m.media-amazon.com/images/M/MV5BYzFlOWFjNzQtODViNC00NzgzLThhZmItZTc1N2VlZDgwODUwXkEyXkFqcGc@._V1_.jpg','Steven Levitan, Christopher Lloyd','Ed O’Neill, Sofia Vergara, Julie Bowen','Three different, but related, families face trials and tribulations in their own uniquely comedic ways.','Sitcom','Series',1),(59,'The Perfect Couple','2024-09-05','https://www.youtube.com/embed/AdpQuXTWup0','https://m.media-amazon.com/images/M/MV5BMTRmNDBjNWEtODc5My00YjEyLWJlY2EtODhmYTcxYTcyMzRkXkEyXkFqcGc@._V1_FMjpg_UX1000_.jpg','Jenna Lamia','Nicole Kidman, Liev Schreiber, Eve Hewson','When one lavish wedding ends in disaster before it can even begin--with a body discovered in Nantucket Harbor just hours before the ceremony--everyone in the wedding party is suddenly a suspect.','Dark Comedy','Series',NULL),(60,'Vikings','2013-03-03','https://www.youtube.com/embed/U1zCyuaBONM','https://m.media-amazon.com/images/M/MV5BOTFmZmExYTEtYmE0Mi00MzRmLWE4ZDYtOThiNzNlOTIyODljXkEyXkFqcGc@._V1_.jpg','Michael Hirst','Katheryn Winnick, Gustaf Skarsgård, Alexander','Vikings transports us to the brutal and mysterious world of Ragnar Lothbrok, a Viking warrior and farmer who yearns to explore--and raid--the distant shores across the ocean.','Action','Series',NULL),(63,'Sweetpea','2024-10-10','https://www.youtube.com/embed/7-Zb6aYhAsk&t=1s&ab','https://resizing.flixster.com/-XZAfHZM39UwaGJIFWKAE8fS0ak=/v3/t/assets/p28229774_b_v13_ab.jpg','Kristen Swain','','very good','Dark Comedy','Film',5);
/*!40000 ALTER TABLE `movie` ENABLE KEYS */;
UNLOCK TABLES;

--
-- Table structure for table `review`
--

DROP TABLE IF EXISTS `review`;
/*!40101 SET @saved_cs_client     = @@character_set_client */;
/*!50503 SET character_set_client = utf8mb4 */;
CREATE TABLE `review` (
  `reviewId` varchar(255) NOT NULL,
  `userId` varchar(255) NOT NULL,
  `movieId` int NOT NULL,
  `reviewBody` varchar(1000) DEFAULT NULL,
  `createdTime` timestamp NULL DEFAULT CURRENT_TIMESTAMP,
  PRIMARY KEY (`reviewId`),
  KEY `fk_review_movie_idx` (`movieId`),
  KEY `fk_review_user_idx` (`userId`),
  CONSTRAINT `fk_review_movie` FOREIGN KEY (`movieId`) REFERENCES `movie` (`movieId`) ON DELETE CASCADE ON UPDATE CASCADE,
  CONSTRAINT `fk_review_user` FOREIGN KEY (`userId`) REFERENCES `user` (`userId`) ON DELETE CASCADE ON UPDATE CASCADE
) ENGINE=InnoDB DEFAULT CHARSET=utf8mb4 COLLATE=utf8mb4_0900_ai_ci;
/*!40101 SET character_set_client = @saved_cs_client */;

--
-- Dumping data for table `review`
--

LOCK TABLES `review` WRITE;
/*!40000 ALTER TABLE `review` DISABLE KEYS */;
INSERT INTO `review` VALUES ('124f8ea3-ceb6-4ed0-a3cd-20d716b53d99','d6eefd83-a412-45b0-8c42-2340a3fcb1f2',17,'Hayyyyyyyyyyyyy\n','2024-12-04 12:57:21'),('2462a808-98fe-45ff-a664-67a715f47074','e7bc8c8b-e076-4e47-86a1-bb7890e34433',2,'hahaha','2024-11-27 20:13:57'),('2d9f74a8-8abc-4957-a9be-b3942134e6de','e7bc8c8b-e076-4e47-86a1-bb7890e34433',16,'tết xem','2024-11-27 12:50:15'),('35cbd5c4-0eaa-4302-aa1b-29990e7604d7','54706e75-7423-4b62-b605-e7f3f1797ba2',2,'XIn chàooooo','2024-12-02 11:40:36'),('3e40d89b-96a1-459d-a3bc-91c4db8f4515','d6eefd83-a412-45b0-8c42-2340a3fcb1f2',63,'ối dồi ôi CRUD đượ rồi lạy chúa ','2024-12-04 13:09:37'),('5501007e-e2d1-437f-bc5d-585ea42ebc92','54706e75-7423-4b62-b605-e7f3f1797ba2',9,'I love it, it\'s so gross','2024-12-20 20:18:06'),('58686a36-01ab-4fd7-a0d0-dc3b35bfec86','e7bc8c8b-e076-4e47-86a1-bb7890e34433',15,'đỉnh cá','2024-12-20 04:42:43'),('6cf57a59-ea8c-475a-a52a-e600cf9b507a','d6eefd83-a412-45b0-8c42-2340a3fcb1f2',2,'waoo','2024-12-02 10:00:42'),('772dc855-b26c-11ef-9d70-00155d7a8a0c','00a97484-f4a1-4cfd-86ae-cbf74bd60b8c',1,'amazing','2024-12-04 18:20:39'),('772e8bd5-b26c-11ef-9d70-00155d7a8a0c','00a97484-f4a1-4cfd-86ae-cbf74bd60b8c',12,'Rất ấn tượng','2024-12-04 18:20:39'),('772f43af-b26c-11ef-9d70-00155d7a8a0c','00a97484-f4a1-4cfd-86ae-cbf74bd60b8c',24,'Hài hước quá','2024-12-04 18:20:39'),('772ff03a-b26c-11ef-9d70-00155d7a8a0c','07508e83-02b6-481d-89df-3d8d6e4b06f007508e83-02b6-481d-89df-3d8d6e4b06f0',14,'\nCảm động sâu sắc','2024-12-04 18:20:39'),('7730939d-b26c-11ef-9d70-00155d7a8a0c','07508e83-02b6-481d-89df-3d8d6e4b06f007508e83-02b6-481d-89df-3d8d6e4b06f0',24,'hấp dẫn\n','2024-12-04 18:20:39'),('77316983-b26c-11ef-9d70-00155d7a8a0c','07508e83-02b6-481d-89df-3d8d6e4b06f007508e83-02b6-481d-89df-3d8d6e4b06f0',35,'Đáng xem','2024-12-04 18:20:39'),('77325ad3-b26c-11ef-9d70-00155d7a8a0c','10f4f529-f28a-465e-a009-577b700749c2',25,'Nhàm chán vô cùng','2024-12-04 18:20:39'),('77333504-b26c-11ef-9d70-00155d7a8a0c','10f4f529-f28a-465e-a009-577b700749c2',1,'Hoàn toàn thất vọng','2024-12-04 18:20:39'),('7733d5ec-b26c-11ef-9d70-00155d7a8a0c','10f4f529-f28a-465e-a009-577b700749c2',16,'Âm nhạc hay ','2024-12-04 18:20:39'),('773479f0-b26c-11ef-9d70-00155d7a8a0c','129d2aaf-0249-4a06-a673-bb8f80462e3f',34,'Hơi dài dòng','2024-12-04 18:20:39'),('77352d9f-b26c-11ef-9d70-00155d7a8a0c','129d2aaf-0249-4a06-a673-bb8f80462e3f',12,'lôi cuốn','2024-12-04 18:20:39'),('7736d235-b26c-11ef-9d70-00155d7a8a0c','129d2aaf-0249-4a06-a673-bb8f80462e3f',25,'xuất sắc','2024-12-04 18:20:39'),('77377e9e-b26c-11ef-9d70-00155d7a8a0c','129d2aaf-0249-4a06-a673-bb8f80462e3f',57,'Chủ đề mới lạ','2024-12-04 18:20:39'),('773840e1-b26c-11ef-9d70-00155d7a8a0c','1c89e7ce-2e79-42af-8dd9-e42490188662',14,'Very impressive','2024-12-04 18:20:39'),('7738b7bc-b26c-11ef-9d70-00155d7a8a0c','1c89e7ce-2e79-42af-8dd9-e42490188662',36,'Absolutely amazing!','2024-12-04 18:20:39'),('7739d3f2-b26c-11ef-9d70-00155d7a8a0c','1fcf0f7a-56d4-4752-9d0b-8056fa88c5df',46,'worth watching','2024-12-04 18:20:39'),('773a76c1-b26c-11ef-9d70-00155d7a8a0c','1fcf0f7a-56d4-4752-9d0b-8056fa88c5df',57,'Pleasantly surprised.','2024-12-04 18:20:39'),('773afcea-b26c-11ef-9d70-00155d7a8a0c','1fcf0f7a-56d4-4752-9d0b-8056fa88c5df',42,'disappointed','2024-12-04 18:20:39'),('773b9d27-b26c-11ef-9d70-00155d7a8a0c','2399a817-e05a-4886-911a-7f324806f3e5',46,'boring','2024-12-04 18:20:39'),('773c1691-b26c-11ef-9d70-00155d7a8a0c','2399a817-e05a-4886-911a-7f324806f3e5',25,'Beautiful visuals.','2024-12-04 18:20:39'),('773c9246-b26c-11ef-9d70-00155d7a8a0c','2399a817-e05a-4886-911a-7f324806f3e5',23,'Great soundtrack','2024-12-04 18:20:39'),('773d1f23-b26c-11ef-9d70-00155d7a8a0c','293caab9-2129-4af5-8687-4352ec8a7397',13,'Excellent ','2024-12-04 18:20:39'),('773dae4f-b26c-11ef-9d70-00155d7a8a0c','293caab9-2129-4af5-8687-4352ec8a7397',35,'Excellent ','2024-12-04 18:20:39'),('773e2bca-b26c-11ef-9d70-00155d7a8a0c','293caab9-2129-4af5-8687-4352ec8a7397',12,'A bit too long','2024-12-04 18:20:39'),('773e9e84-b26c-11ef-9d70-00155d7a8a0c','2eebe221-fcee-44e4-8392-5438cfe26af9',15,'Overacted.','2024-12-04 18:20:39'),('773f0c24-b26c-11ef-9d70-00155d7a8a0c','2eebe221-fcee-44e4-8392-5438cfe26af9',14,'Outstanding performance','2024-12-04 18:20:39'),('773f78e4-b26c-11ef-9d70-00155d7a8a0c','32a37d51-4afb-4ffa-bbbe-41f26482cfc5',16,'Outstanding performance','2024-12-04 18:20:39'),('774069fa-b26c-11ef-9d70-00155d7a8a0c','32a37d51-4afb-4ffa-bbbe-41f26482cfc5',45,'Great music','2024-12-04 18:20:39'),('7740ea2f-b26c-11ef-9d70-00155d7a8a0c','54706e75-7423-4b62-b605-e7f3f1797ba2',6,'LOL','2024-12-04 18:20:39'),('7741ec06-b26c-11ef-9d70-00155d7a8a0c','644aec7f-3c36-4aad-9bc2-13ca0adf5203',58,'So boring','2024-12-04 18:20:39'),('774266d4-b26c-11ef-9d70-00155d7a8a0c','644aec7f-3c36-4aad-9bc2-13ca0adf5203',18,'Nothing special','2024-12-04 18:20:39'),('7742d851-b26c-11ef-9d70-00155d7a8a0c','644aec7f-3c36-4aad-9bc2-13ca0adf5203',15,'Nothing special','2024-12-04 18:20:39'),('774353ce-b26c-11ef-9d70-00155d7a8a0c','69292f9b-4889-4119-a01d-3bb065df383f',13,'Genuine emotions.','2024-12-04 18:20:39'),('7743d1b8-b26c-11ef-9d70-00155d7a8a0c','69292f9b-4889-4119-a01d-3bb065df383f',14,'Genuine emotions.','2024-12-04 18:20:39'),('7744c279-b26c-11ef-9d70-00155d7a8a0c','704dc3fe-f814-4b13-b09d-6a65dbc5f103',11,'Beautiful cinematography','2024-12-04 18:20:39'),('7745a59f-b26c-11ef-9d70-00155d7a8a0c','825eee89-64e3-4301-a5d3-33c833acff32',25,'Immersive sound','2024-12-04 18:20:39'),('7746a380-b26c-11ef-9d70-00155d7a8a0c','825eee89-64e3-4301-a5d3-33c833acff32',36,'Hilarious.','2024-12-04 18:20:39'),('77471cc9-b26c-11ef-9d70-00155d7a8a0c','85429f56-2caa-4c64-b72b-23b9c22c5b4f',3,'Quá là đỉnh cao.','2024-12-04 18:20:39'),('7747a78e-b26c-11ef-9d70-00155d7a8a0c','85429f56-2caa-4c64-b72b-23b9c22c5b4f',25,'Ngất ngây luôn','2024-12-04 18:20:39'),('7748310b-b26c-11ef-9d70-00155d7a8a0c','85429f56-2caa-4c64-b72b-23b9c22c5b4f',12,'Thật sự thất vọng','2024-12-04 18:20:39'),('7748b03b-b26c-11ef-9d70-00155d7a8a0c','9653b43f-951f-4429-be90-e157410e3a9e',14,'Không đáng xem','2024-12-04 18:20:39'),('77492a43-b26c-11ef-9d70-00155d7a8a0c','9653b43f-951f-4429-be90-e157410e3a9e',57,'Kỹ xảo hoành tráng.\n','2024-12-04 18:20:39'),('7749ac61-b26c-11ef-9d70-00155d7a8a0c','9653b43f-951f-4429-be90-e157410e3a9e',13,'Quá tuyệt vời!','2024-12-04 18:20:39'),('774a1e3c-b26c-11ef-9d70-00155d7a8a0c','94b64ace-50d0-45ce-b534-d9f8088666fa',15,'Âm thanh sống động.\n','2024-12-04 18:20:39'),('774a88a8-b26c-11ef-9d70-00155d7a8a0c','94b64ace-50d0-45ce-b534-d9f8088666fa',54,'hoành tráng','2024-12-04 18:20:39'),('798f04a8-f2b4-4618-84f5-ceb0a8608b70','e7bc8c8b-e076-4e47-86a1-bb7890e34433',2,'chỉ biết ước\n','2024-11-27 12:49:15'),('7d6f9b37-0dfd-4a97-b7b2-52dfe7fd9465','85429f56-2caa-4c64-b72b-23b9c22c5b4f',1,'omg','2024-12-03 08:43:55'),('8175eb8d-4a41-4327-a8f1-1bcfe8c73976','85429f56-2caa-4c64-b72b-23b9c22c5b4f',11,'hot hit','2024-12-02 10:28:07'),('920d826b-2a52-4819-9bb5-7b86092c51e7','85429f56-2caa-4c64-b72b-23b9c22c5b4f',3,'lmao lmao messing with local history','2024-12-02 10:20:40'),('abe67234-bd49-4e30-8889-2b985d252370','e7bc8c8b-e076-4e47-86a1-bb7890e34433',15,'quá trời luôn','2024-12-20 04:42:39'),('adc01bfe-61e8-415f-9de4-7596ffa3e9a8','e7bc8c8b-e076-4e47-86a1-bb7890e34433',1,'i don\'t like it, boringggggggg','2024-11-27 12:14:08'),('aec2476b-7b62-4de4-b435-5687cd54fa62','d6eefd83-a412-45b0-8c42-2340a3fcb1f2',2,'help','2024-11-30 03:41:52'),('b0cac5dc-a7d5-4d7e-92a3-77eccb9cebc7','e7bc8c8b-e076-4e47-86a1-bb7890e34433',15,'Hay\n','2024-12-20 04:42:12'),('b627f327-ecdc-45b7-8edd-1d9a61b25c04','d6eefd83-a412-45b0-8c42-2340a3fcb1f2',2,'love it','2024-12-02 09:44:52'),('b64cb8e4-a66a-4002-9cef-898a7c82a8ff','eb0d892f-048a-44ac-80d6-3a27058a68c5',9,'why did u love it if i was gross? crazy girl......','2024-12-20 20:20:01'),('bc296c1c-edde-4d9b-90bd-e0a852836d9c','e7bc8c8b-e076-4e47-86a1-bb7890e34433',3,'uow','2024-11-27 19:00:19'),('bd891c4a-3c89-4ac7-84e6-3e8d67f67225','d6eefd83-a412-45b0-8c42-2340a3fcb1f2',2,'got no time to lose','2024-11-30 03:41:39'),('c0ff3dfc-98e3-44a6-9f4c-b6939f9a816c','d6eefd83-a412-45b0-8c42-2340a3fcb1f2',63,'nãy tui đã thêm phim này ở đây, hiện đầy đủ cả trailer lẫn ảnh và các tt khác','2024-12-04 13:24:26'),('d2f01cd7-4569-475f-937b-042a6de4107b','85429f56-2caa-4c64-b72b-23b9c22c5b4f',2,'blo blo','2024-12-02 10:26:08'),('d4b32f19-b8d7-460d-b891-ae0f406b6e7b','e7bc8c8b-e076-4e47-86a1-bb7890e34433',2,'Hahaahha','2024-11-27 12:46:06'),('fbc19e42-97dd-4021-a337-e282179255b3','d6eefd83-a412-45b0-8c42-2340a3fcb1f2',63,'movieId ở backend đã dc tự động tăng nhưng trước đó 7 tiếng ở data base ko hề để auto increment, gây lỗi NGHIÊM TRỌNG :(( LAN RA CẢ BACK END... KINH KHỦNG ','2024-12-04 13:25:31'),('fd484301-8c7a-4f04-a575-113174beb99c','85429f56-2caa-4c64-b72b-23b9c22c5b4f',2,'bla bla\n','2024-12-02 10:26:04');
/*!40000 ALTER TABLE `review` ENABLE KEYS */;
UNLOCK TABLES;

--
-- Table structure for table `user`
--

DROP TABLE IF EXISTS `user`;
/*!40101 SET @saved_cs_client     = @@character_set_client */;
/*!50503 SET character_set_client = utf8mb4 */;
CREATE TABLE `user` (
  `userId` varchar(255) NOT NULL,
  `email` varchar(255) DEFAULT NULL,
  `name` varchar(255) DEFAULT NULL,
  `password` varchar(255) DEFAULT NULL,
  `role` varchar(45) DEFAULT NULL,
  PRIMARY KEY (`userId`)
) ENGINE=InnoDB DEFAULT CHARSET=utf8mb4 COLLATE=utf8mb4_0900_ai_ci;
/*!40101 SET character_set_client = @saved_cs_client */;

--
-- Dumping data for table `user`
--

LOCK TABLES `user` WRITE;
/*!40000 ALTER TABLE `user` DISABLE KEYS */;
INSERT INTO `user` VALUES ('00a97484-f4a1-4cfd-86ae-cbf74bd60b8c','Haha@gmail.com',NULL,'$2a$10$vINEy0Wgc1ZeyjUqwFIs..1JrRTMGF1hJsyCef5BUg8gEKSqTnyxi','USER'),('07508e83-02b6-481d-89df-3d8d6e4b06f0','a@gmail.com',NULL,'$2a$10$yAxr2j5/v4doLstxbvu8Uu7H9ClvIieoFRprN9wXvqUpv6MMIFN3q','USER'),('10f4f529-f28a-465e-a009-577b700749c2','nguyenph@gmail.com','Nguyen','$2a$10$Wj5zgYVkIOatHmrN1uwTGe7/bxZ4de6irU1visWDXhnWDYrX.3WzS','USER'),('129d2aaf-0249-4a06-a673-bb8f80462e3f','lamalma@gmail.com','Hau','$2a$10$z03ogb/3lzyFrXTUwP6rIeNLMzVpX7Yjn4vn7i/EkMC2OkxjgkhcS','USER'),('1c89e7ce-2e79-42af-8dd9-e42490188662','aavdsme22@gmail.com',NULL,'$2a$10$PCBp38bOjAIjPB3ztiQH..Hesy0c/GiXN06mkDd0W1SX7kK79qe4S','USER'),('1fcf0f7a-56d4-4752-9d0b-8056fa88c5df','yan@gmail.com','Yann','$2a$10$U7ls1Gz61rxtOZAo5bRxZOpHgHRtZCICNnY5xOcqyAsfruxZHUrHe','USER'),('2399a817-e05a-4886-911a-7f324806f3e5','luonghau2909@gmail.com','Hau','$2a$10$rbhk5FHmkC4aHA4T/5Np1eVhcS9qeA9BCHnlWuAiE/xCBntWSDJ9C','USER'),('293caab9-2129-4af5-8687-4352ec8a7397','chumila@gmail.com','Chumila','$2a$10$Kd.kvsU5YWUmqClBdl3KEOUyxX/5AGSpsOOGWg5kkGnkznFWyIlPm','USER'),('2eebe221-fcee-44e4-8392-5438cfe26af9','Hasdafa@gmail.com',NULL,'$2a$10$2t37KbrhklPlFt5hWVZDyOMR.KxrmkL/bhEHWb0bFM94pfNcC8X4.','USER'),('2f163790-5393-47bc-88ce-c2bb55c85de7','soialuony@gmail.com',NULL,'$2a$10$FDu.FaJVRhSJsOmmDp6U2eCAWThxYohZr7qdkEf2.NNRebfFDACpG','USER'),('32a37d51-4afb-4ffa-bbbe-41f26482cfc5','test@gmail.com',NULL,'$2a$10$pHu/cgtPpPn22mcO3y60V.X0VV6L9uXnNTO/0heZeCYWsCUSQM42m','USER'),('3dff8cc0-152d-4ae0-a6b7-5e8b5e7bd537','mAHHHai@gmail.com','hau','$2a$10$7tNkeeoPn/ZAswdF5tktp.MniK3vCO6C1p82XCVjnt621I0MK3WY6','USER'),('54706e75-7423-4b62-b605-e7f3f1797ba2','lalalan@gmail.com','Lan','$2a$10$7mkxz0AjymZdgF2rz4drYO61XJYgcvPxWFpQwJ9KvCDB0dvUId6tq','USER'),('644aec7f-3c36-4aad-9bc2-13ca0adf5203','omg29@gmai.com','Mai Phuong','$2a$10$Rn4fT7y0qYcEx0Aw9gjm8Op7Z34Nuq/qRDeiJ4u9v20KJXQluo5Iu','USER'),('69292f9b-4889-4119-a01d-3bb065df383f','HELP@gmail.com',NULL,'$2a$10$6lpciH0DgxHCGx4F6A99ZefSFno8asNcUogZ3m53DMC1FkoBhCWz2','USER'),('6e052d26-b16e-44c3-aa83-51944717f5b3','admin01@gmail.com','Admin01','$2a$10$TI8Z9XD0WFgr/kOr8A.kfuS2ZRbEJzwL4LYMEmU91nXyTH8MusQh6','ADMIN'),('704dc3fe-f814-4b13-b09d-6a65dbc5f103','',NULL,'$2a$10$fRM6uxSOmDTQwcs/TYjr8eT8t3J.NTDDssRqXB6VZYNKcF/HQyN.O','USER'),('7368cbe0-8226-4973-99f3-3187730271e8','CoryKenshin29@gmail.com','Cory','$2a$10$eGrA5SAFLcj0FTzkTQe2he4rR4IpysRoCMm3d40EFTJlskEAAs/gi','USER'),('7a2f57b7-4278-41f7-a637-f98409f3222b','luonghau@gmail.com',NULL,'$2a$10$youZCcNt3YfcnfPrGD3W3O317EqxEjEQpXPrx1fg4Pd1bUCFxEIcm','USER'),('7b65c502-5fc2-49ea-9593-c7fd27a244d6','hmaaa@gmail.com','yHahah','$2a$10$0eSQfc2ruddL5pb8XTWCRurKW.Yferq8IPjRPJ7uVPfZatr5RErm2','USER'),('825eee89-64e3-4301-a5d3-33c833acff32','admin02@gmail.com','Admin02','$2a$10$aUA0zzsCIqKLJU8UzEpS2uzlUrskF/U6Fl3k0x..Ef1qHCRxfk.t2','ADMIN'),('85429f56-2caa-4c64-b72b-23b9c22c5b4f','lalalam@gmail.com','Lâm Dạ Ngọc','$2a$10$4A4YFKyxSDjEmKwTy0PsVebwJLD2AM5Ue2JPNx4Jkr.GQyrtlu8iC','USER'),('8f8c4e6a-de52-4a9f-9bec-d600551d4fbe','corykenshin@gmail.com','Han','$2a$10$SxiI.o/JIZlr5uqqrCI/oew5xGWo9uln89YWVH.ITMXEnZNRsPvAe','USER'),('94b64ace-50d0-45ce-b534-d9f8088666fa','Mai@gmail.com','Mai','$2a$10$4wikj6DR/CjHnBBoNtvtLe7ZnNnkMq16FGGn0PVwh4oDSoQcBwpjy','USER'),('9653b43f-951f-4429-be90-e157410e3a9e','meoBeo@gmail.com','Lương Thanh Hậu','$2a$10$RJTEHlA096WsavzaOeAZOeBJDOdIopor3YHoD757Uzk0g14gKDbWO','USER'),('98445e04-66a4-47bc-95dd-319b4f0736c4','john@gmail.com','john','$2a$10$mh98Jj0sNaWBaQA8w0QGu.XQssH/qK5GJh9zDob2lnJM6DU9QZR7i','USER'),('9b688fc2-d622-4933-b93f-6eaecea17667','layChua@gmail.com','hau','$2a$10$mvhY.6p1r2GQZbYDXr1EXuAw9n7/W9mpGjBo/LATiZ7S4p5SAzsz6','USER'),('9c92197f-52b8-4d38-9fc0-9c2c50dd01d7','leavemebehind@gmail.com',NULL,'$2a$10$/hXk05TFpL9IUvbWKAbIZexPZFqz.8YYpP4IiBY9lUntqnxVF/bN6','USER'),('af2c1871-dd34-449a-8b73-e2afb56ce44e','anne@gmail.com','anne','$2a$10$twp3145JkkOKcRAAy0AqxuGifYkO9pMbxlw2WvDxZgOf4RIz5Ubl2','USER'),('b229237b-1242-4f45-bc66-9560df3335d1','hauluong2@gmail.com',NULL,'$2a$10$6oVulTzL8V4f/9GSmax6z.7wuTxIz9IxVPdyuYHAouI9oH1ECL..u','USER'),('b96c01f0-7372-436d-97b8-fae79b004c4a','admin03@gmail.com','Admin03','$2a$10$nZ0Z7e48i9.4bsv62riMBu0yfWoEpYIaU7uxI040ZbjTRWjqc/hnu','ADMIN'),('beda9bbe-1ebd-40c2-bc79-a244ed9f1dc2','deva09@gmail.com',NULL,'$2a$10$obz0JYay.c1KrrFQyixNJODcHDXhtCce5CNGYajgKU9Romk3ZojuW','USER'),('d6e24551-73f2-4bdf-bc77-c5b017e6193e','maiAn@gmail.com','MaiAn','$2a$10$cFCmO8RLINR76Hvok1zN8OPlbGMeLO/74q59SpTVupVbPre7BZnzW','USER'),('d6eefd83-a412-45b0-8c42-2340a3fcb1f2','hanna@gmail.com','Han','$2a$10$xuOp7bol6x8/Ofca7itfGOBQ6sGQtXlLuZnVeZizVJPqVnORPV5yK','USER'),('e3452efa-3817-4718-933a-03622f977cd0','luong@gmail.com',NULL,'$2a$10$lJXxOyCuD3vizZDpg55ykO2ZXc2VtYPdXzD9Xch4dB8oEw3FzspOe','USER'),('e3e4f7f3-1d65-4ebb-a5b0-89359aa76e0f','jack@gmail.com','jack','$2a$10$4WrqivaWaxwl.8CcoSsuUensoXyLX1RAwqtyd3O65m.9pw.L5LGQe','USER'),('e41f6701-e9ac-4b7e-86c2-4837f2c52812','ya@gmail.com','Yan','$2a$10$b6qFdpdBS1ncy4XMhTnSr.w/tz3i9KCzwaxIkeoUta9FV1MnReWS6','USER'),('e4996793-d789-4054-addd-f54a6b87f5a1','AHH@gmail.com','Hau','$2a$10$TnTt5O1tyrQQ.wUl7GLi6ePPpGl84PpXHh1F7zRzUtgNGF4HE7BR2','USER'),('e7bc8c8b-e076-4e47-86a1-bb7890e34433','lanhanh@gmail.com','Lương Anh','$2a$10$F6A7iW3Gu4R0NJ4uISDOp.yTnWRli.xGlCe6SfOzYuwflPGRvQ35K','USER'),('eb0d892f-048a-44ac-80d6-3a27058a68c5','meo@gmail.com','Meo','$2a$10$kcribZVAIKNtxgXFAc935ei1DbaDxV428Iqx5CwaubC9tH/BCppbC','USER'),('ec660f82-f0ac-4314-bda6-f9d26e82499d','amehime22@gmail.com',NULL,'$2a$10$FD4M6kQyisplem5zADmKuuDSsPxW/d6dwk2tBlg8e33mukoL5kNNO','USER'),('ecc1e0f0-b474-4b8b-912c-9d253bd94711','meomeo@gmail.com','Mai Nguyen','$2a$10$pWz7BfPqrgH4wzkc.zYn/ufor26R0vwb6/ErYvxFQryCN8tdC5vDu','USER'),('ed914673-b52e-4b38-a0d5-506bd2eeffd7','HLP@gmail.com',NULL,'$2a$10$PnR1oTetPLmOjHbgyJrMh.yNhg3dNcGyocg.SwEVbu2nz4jljsn/G','USER'),('f9158c7a-ec3e-474d-86f0-920c9742c6cb','hau@gmail.com','hau','$2a$10$db8/hBWuy3BtvFkyuRzScOi.Mh.2mbIhKUjjnTS/AEwfiAzxlxsV6','USER');
/*!40000 ALTER TABLE `user` ENABLE KEYS */;
UNLOCK TABLES;

--
-- Table structure for table `wishlist`
--

DROP TABLE IF EXISTS `wishlist`;
/*!40101 SET @saved_cs_client     = @@character_set_client */;
/*!50503 SET character_set_client = utf8mb4 */;
CREATE TABLE `wishlist` (
  `wishlistId` varchar(255) NOT NULL,
  `movieId` int NOT NULL,
  `userId` varchar(255) NOT NULL,
  PRIMARY KEY (`wishlistId`),
  KEY `fk_wishlist_movie_idx` (`movieId`),
  KEY `fk_wishlist_user_idx` (`userId`),
  CONSTRAINT `fk_wishlist_movie` FOREIGN KEY (`movieId`) REFERENCES `movie` (`movieId`) ON DELETE CASCADE ON UPDATE CASCADE,
  CONSTRAINT `fk_wishlist_user` FOREIGN KEY (`userId`) REFERENCES `user` (`userId`) ON DELETE CASCADE ON UPDATE CASCADE
) ENGINE=InnoDB DEFAULT CHARSET=utf8mb4 COLLATE=utf8mb4_0900_ai_ci;
/*!40101 SET character_set_client = @saved_cs_client */;

--
-- Dumping data for table `wishlist`
--

LOCK TABLES `wishlist` WRITE;
/*!40000 ALTER TABLE `wishlist` DISABLE KEYS */;
INSERT INTO `wishlist` VALUES ('066656a4-f538-4e16-95d0-7a81bd43d900',19,'85429f56-2caa-4c64-b72b-23b9c22c5b4f'),('0701a913-235f-4b59-acef-6c936622bf7f',2,'9b688fc2-d622-4933-b93f-6eaecea17667'),('0df812b1-07b2-4d54-bcca-e9b16699ecc5',58,'d6eefd83-a412-45b0-8c42-2340a3fcb1f2'),('0e3cf1fa-08fa-4075-b90d-853ae8ef91ea',1,'85429f56-2caa-4c64-b72b-23b9c22c5b4f'),('1c049831-c254-4a4d-8a2e-de1fcc11cb32',2,'d6eefd83-a412-45b0-8c42-2340a3fcb1f2'),('1cb1b9b4-4ae4-4d7f-9273-37bec59dc2fe',25,'9b688fc2-d622-4933-b93f-6eaecea17667'),('34306679-c977-4521-9658-cb59478f1f48',43,'54706e75-7423-4b62-b605-e7f3f1797ba2'),('35b290d1-ce2d-44a0-bddc-5950b1396140',14,'9b688fc2-d622-4933-b93f-6eaecea17667'),('3ac74f78-cb66-4762-898f-80a5244d221c',12,'9b688fc2-d622-4933-b93f-6eaecea17667'),('3dff6e60-23bb-46e8-a73c-2d75ee1de7e8',41,'eb0d892f-048a-44ac-80d6-3a27058a68c5'),('5dee1dda-2445-445f-a64a-f8b2dc0cd6ca',1,'9b688fc2-d622-4933-b93f-6eaecea17667'),('61be04f8-4a0c-48f2-86b7-a65ce7968736',3,'9b688fc2-d622-4933-b93f-6eaecea17667'),('645fe981-b233-4bda-bb31-b0011b0875f6',12,'85429f56-2caa-4c64-b72b-23b9c22c5b4f'),('77281ff8-99cd-4a91-acf2-1e9e27e7de04',5,'85429f56-2caa-4c64-b72b-23b9c22c5b4f'),('776c4915-b26c-11ef-9d70-00155d7a8a0c',1,'00a97484-f4a1-4cfd-86ae-cbf74bd60b8c'),('776cc339-b26c-11ef-9d70-00155d7a8a0c',23,'00a97484-f4a1-4cfd-86ae-cbf74bd60b8c'),('776d4744-b26c-11ef-9d70-00155d7a8a0c',25,'00a97484-f4a1-4cfd-86ae-cbf74bd60b8c'),('776dd56b-b26c-11ef-9d70-00155d7a8a0c',12,'07508e83-02b6-481d-89df-3d8d6e4b06f0'),('776e719b-b26c-11ef-9d70-00155d7a8a0c',1,'07508e83-02b6-481d-89df-3d8d6e4b06f0'),('776ef18d-b26c-11ef-9d70-00155d7a8a0c',15,'07508e83-02b6-481d-89df-3d8d6e4b06f0'),('776f770b-b26c-11ef-9d70-00155d7a8a0c',24,'129d2aaf-0249-4a06-a673-bb8f80462e3f'),('776ffa01-b26c-11ef-9d70-00155d7a8a0c',35,'129d2aaf-0249-4a06-a673-bb8f80462e3f'),('77707fc7-b26c-11ef-9d70-00155d7a8a0c',2,'129d2aaf-0249-4a06-a673-bb8f80462e3f'),('777111b2-b26c-11ef-9d70-00155d7a8a0c',15,'1c89e7ce-2e79-42af-8dd9-e42490188662'),('77719ae2-b26c-11ef-9d70-00155d7a8a0c',16,'1c89e7ce-2e79-42af-8dd9-e42490188662'),('77723011-b26c-11ef-9d70-00155d7a8a0c',16,'2399a817-e05a-4886-911a-7f324806f3e5'),('7772b673-b26c-11ef-9d70-00155d7a8a0c',11,'2399a817-e05a-4886-911a-7f324806f3e5'),('777347e8-b26c-11ef-9d70-00155d7a8a0c',15,'2399a817-e05a-4886-911a-7f324806f3e5'),('7773d8bf-b26c-11ef-9d70-00155d7a8a0c',25,'293caab9-2129-4af5-8687-4352ec8a7397'),('77746916-b26c-11ef-9d70-00155d7a8a0c',6,'293caab9-2129-4af5-8687-4352ec8a7397'),('777500c5-b26c-11ef-9d70-00155d7a8a0c',3,'293caab9-2129-4af5-8687-4352ec8a7397'),('7775a0f4-b26c-11ef-9d70-00155d7a8a0c',5,'2eebe221-fcee-44e4-8392-5438cfe26af9'),('77762eb7-b26c-11ef-9d70-00155d7a8a0c',8,'2eebe221-fcee-44e4-8392-5438cfe26af9'),('77774aab-b26c-11ef-9d70-00155d7a8a0c',9,'2eebe221-fcee-44e4-8392-5438cfe26af9'),('77786a69-b26c-11ef-9d70-00155d7a8a0c',11,'2f163790-5393-47bc-88ce-c2bb55c85de7'),('7778f9f4-b26c-11ef-9d70-00155d7a8a0c',12,'2f163790-5393-47bc-88ce-c2bb55c85de7'),('77798433-b26c-11ef-9d70-00155d7a8a0c',15,'2f163790-5393-47bc-88ce-c2bb55c85de7'),('777a117b-b26c-11ef-9d70-00155d7a8a0c',25,'2f163790-5393-47bc-88ce-c2bb55c85de7'),('777a9cff-b26c-11ef-9d70-00155d7a8a0c',14,'32a37d51-4afb-4ffa-bbbe-41f26482cfc5'),('777b29f5-b26c-11ef-9d70-00155d7a8a0c',13,'32a37d51-4afb-4ffa-bbbe-41f26482cfc5'),('777bb95b-b26c-11ef-9d70-00155d7a8a0c',1,'32a37d51-4afb-4ffa-bbbe-41f26482cfc5'),('777c32f7-b26c-11ef-9d70-00155d7a8a0c',12,'32a37d51-4afb-4ffa-bbbe-41f26482cfc5'),('777ca39f-b26c-11ef-9d70-00155d7a8a0c',23,'3dff8cc0-152d-4ae0-a6b7-5e8b5e7bd537'),('777d14ba-b26c-11ef-9d70-00155d7a8a0c',24,'3dff8cc0-152d-4ae0-a6b7-5e8b5e7bd537'),('777d9271-b26c-11ef-9d70-00155d7a8a0c',2,'54706e75-7423-4b62-b605-e7f3f1797ba2'),('777e1c6b-b26c-11ef-9d70-00155d7a8a0c',4,'54706e75-7423-4b62-b605-e7f3f1797ba2'),('777ea364-b26c-11ef-9d70-00155d7a8a0c',3,'644aec7f-3c36-4aad-9bc2-13ca0adf5203'),('777f2d09-b26c-11ef-9d70-00155d7a8a0c',6,'644aec7f-3c36-4aad-9bc2-13ca0adf5203'),('777fab8d-b26c-11ef-9d70-00155d7a8a0c',8,'644aec7f-3c36-4aad-9bc2-13ca0adf5203'),('77803137-b26c-11ef-9d70-00155d7a8a0c',24,'69292f9b-4889-4119-a01d-3bb065df383f'),('7780b4ec-b26c-11ef-9d70-00155d7a8a0c',34,'704dc3fe-f814-4b13-b09d-6a65dbc5f103'),('778137ac-b26c-11ef-9d70-00155d7a8a0c',25,'704dc3fe-f814-4b13-b09d-6a65dbc5f103'),('7781b141-b26c-11ef-9d70-00155d7a8a0c',1,'704dc3fe-f814-4b13-b09d-6a65dbc5f103'),('7edec8af-7d85-479f-a349-0e175c7edd64',15,'d6eefd83-a412-45b0-8c42-2340a3fcb1f2'),('8079b345-6a40-434b-9d99-c2c18f58db51',20,'85429f56-2caa-4c64-b72b-23b9c22c5b4f'),('80d304a4-ab8f-4063-b44b-837a046c9e96',18,'85429f56-2caa-4c64-b72b-23b9c22c5b4f'),('8228bc7b-e8e0-4f79-b8aa-a4fe25d36c39',9,'85429f56-2caa-4c64-b72b-23b9c22c5b4f'),('8e542a43-2ff0-40fe-bc9a-f98c4834646f',16,'85429f56-2caa-4c64-b72b-23b9c22c5b4f'),('911b9fb4-74c2-4a35-93ce-693fca2b07f7',15,'e7bc8c8b-e076-4e47-86a1-bb7890e34433'),('a309de55-b5ac-4c5b-afb2-0ee5ffd12964',12,'ecc1e0f0-b474-4b8b-912c-9d253bd94711'),('ab601907-c346-4ed9-9482-0e6d344f5d4c',14,'eb0d892f-048a-44ac-80d6-3a27058a68c5'),('ad4f2e45-e4e4-4ee4-af27-05563ac00bf4',25,'85429f56-2caa-4c64-b72b-23b9c22c5b4f'),('ae74bd3e-2aa3-4ac9-96bc-a2b0a8a73644',4,'85429f56-2caa-4c64-b72b-23b9c22c5b4f'),('b5ac19ec-363f-4427-9c9e-5b13cce65e9f',14,'85429f56-2caa-4c64-b72b-23b9c22c5b4f'),('c02a9a3f-15f8-40dc-a526-ec8157111923',2,'85429f56-2caa-4c64-b72b-23b9c22c5b4f'),('c40af634-9abc-4cad-9bf1-fc1fb714c775',13,'85429f56-2caa-4c64-b72b-23b9c22c5b4f'),('dff092c7-31ee-49ac-a246-8afd6cf202e5',3,'85429f56-2caa-4c64-b72b-23b9c22c5b4f'),('faecc99f-e023-4890-8fae-d47d65280232',8,'85429f56-2caa-4c64-b72b-23b9c22c5b4f');
/*!40000 ALTER TABLE `wishlist` ENABLE KEYS */;
UNLOCK TABLES;

--
-- Dumping events for database 'movies_app'
--

--
-- Dumping routines for database 'movies_app'
--
/*!40103 SET TIME_ZONE=@OLD_TIME_ZONE */;

/*!40101 SET SQL_MODE=@OLD_SQL_MODE */;
/*!40014 SET FOREIGN_KEY_CHECKS=@OLD_FOREIGN_KEY_CHECKS */;
/*!40014 SET UNIQUE_CHECKS=@OLD_UNIQUE_CHECKS */;
/*!40101 SET CHARACTER_SET_CLIENT=@OLD_CHARACTER_SET_CLIENT */;
/*!40101 SET CHARACTER_SET_RESULTS=@OLD_CHARACTER_SET_RESULTS */;
/*!40101 SET COLLATION_CONNECTION=@OLD_COLLATION_CONNECTION */;
/*!40111 SET SQL_NOTES=@OLD_SQL_NOTES */;

-- Dump completed on 2024-12-22 21:29:50
